course_slug,course_title,review_count,avg_rating,avg_norm_rating,avg_sentiment,median_weeks_ago,trend_score,recent_share,course_badge,skill_level,discount_price_vnd,original_price_vnd,discount_pct,num_students,content_hours,lecture_count,price_per_hour,students_per_hour,students_per_lecture,reviews_per_student,discount_price_per_student,recent_reviews_est,trend_per_review,rating_vs_catalog,reviews_per_hour,recent_reviews_density,rating_to_price_ratio
the-complete-ai-coding-course-2025-cursor-ai-v0-vercel,"The Complete AI Coding Course (2025) - Cursor, Claude Code",112,3.96875,0.7937500000000001,0.7142857142857143,8.69,-0.2720768886230205,0.16964285714285715,Bestseller,All levels,309000.0,409000.0,0.24449877750611249,7906.0,11.0,128.0,28090.909090909092,718.7272727272727,61.765625,0.014166455856311662,39.08423981785985,19.0,-0.0024292579124443087,-0.604896767708011,10.181818181818182,1.7272727272727273,1.2843851132686085e-05
aws-machine-learning-practice-exam,AWS Certified Machine Learning Specialty Full Practice Exam,250,4.034,0.8068,0.672,208.0,-0.14626626209959132,0.004,Bestseller,Expert,299000.0,839000.0,0.6436233611442193,17808.0,,,,,,0.01403863432165319,16.790206648697215,1.0,-0.0005850650460581051,-0.5396467677080112,,,1.3491638795986622e-05
aws-certified-machine-learning-engineer-associate-mla-c01,AWS Certified Machine Learning Engineer Associate: Hands On!,321,4.311526479750778,0.8623052959501558,0.8629283489096573,30.415,-0.39198681831427346,0.08099688473520249,Bestseller,All levels,319000.0,1309000.0,0.7563025210084033,35198.0,23.0,295.0,13869.565217391304,1530.3478260869565,119.31525423728814,0.009119836354338315,9.063014944030911,26.0,-0.0012211427323773542,-0.26212028795723263,13.956521739130435,1.1304347826086956,1.3515756989814352e-05
the-product-management-for-data-science-ai-course,The Product Management for AI & Data Science Course,1251,4.366506794564349,0.8733013589128698,0.9072741806554756,104.0,-0.582032290661011,0.017585931254996003,Bestseller,All levels,479000.0,2269000.0,0.7888937858087264,38826.0,4.0,68.0,119750.0,9706.5,570.9705882352941,0.032220676866017615,12.337093700097872,22.0,-0.0004652536292532033,-0.20713997314366228,312.75,5.5,9.115880573203234e-06
complete-mlops-bootcamp-with-10-end-to-end-ml-projects,Complete MLOps Bootcamp With 10+ End To End ML Projects,284,4.389084507042254,0.8778169014084507,0.7288732394366197,26.07,-0.5809094029376923,0.045774647887323945,Bestseller,All levels,279000.0,1179000.0,0.7633587786259541,27868.0,50.0,180.0,5580.0,557.36,154.82222222222222,0.010190899956939859,10.011482704176833,13.0,-0.0020454556369444953,-0.1845622606657571,5.68,0.26,1.5731485688323492e-05
ai-agents-building-teams-of-llm-agents-that-work-for-you,AI Agents: Building Teams of LLM Agents that Work For You,357,4.488795518207283,0.8977591036414566,0.7759103641456583,4.345,0.22268499889369042,0.29411764705882354,No badge,All levels,299000.0,1189000.0,0.7485281749369217,14641.0,9.0,49.0,33222.22222222222,1626.7777777777776,298.7959183673469,0.024383580356533024,20.422102315415614,105.0,0.0006237675021566469,-0.08485124950072809,39.666666666666664,11.666666666666666,1.5012694040827033e-05
complete-ai-guide,"The Complete AI Guide: Learn ChatGPT, Generative AI & More",4524,4.499778956675509,0.8999557913351017,0.8726790450928382,52.0,-9.35560956443539,0.028514588859416445,Bestseller,All levels,349000.0,1909000.0,0.8171817705605029,306022.0,39.0,521.0,8948.71794871795,7846.717948717948,587.3742802303263,0.0147832508773879,1.1404408833351851,129.0,-0.002067995040311095,-0.0738678110325024,116.0,3.3076923076923075,1.2893349446061629e-05
complete-machine-learning-nlp-bootcamp-mlops-deployment,"Complete Data Science,Machine Learning,DL,NLP Bootcamp",1812,4.525386313465783,0.9050772626931567,0.8338852097130243,34.76,-2.775156148677427,0.04746136865342163,Bestseller,All levels,339000.0,1499000.0,0.7738492328218813,107007.0,99.0,429.0,3424.242424242424,1080.878787878788,249.43356643356643,0.01693347164204211,3.1680170456138383,86.0,-0.0015315431275639536,-0.0482604542422278,18.303030303030305,0.8686868686868687,1.334922216361588e-05
generative-ai-for-data,Generative AI for Data Engineering and Data Professionals,78,4.532051282051282,0.9064102564102564,1.1666666666666667,17.38,0.1690156683049045,0.0,No badge,All levels,399000.0,279000.0,0.0,5283.0,5.0,57.0,79800.0,1056.6,92.6842105263158,0.014764338444065871,75.52526973310619,0.0,0.002166867514590218,-0.0415954856567291,15.6,0.0,1.1358524516419253e-05
n8n-course,"n8n - AI Agents, AI Automations & AI Voice Agents (No-code!)",312,4.533653846153846,0.9067307692307691,0.9903846153846154,8.69,-1.95125713733196,0.16987179487179488,Bestseller,All levels,329000.0,889000.0,0.6299212598425197,15018.0,55.0,192.0,5981.818181818182,273.05454545454546,78.21875,0.020775069916100678,21.90704487947796,53.0,-0.00625402926627542,-0.03999292155416523,5.672727272727273,0.9636363636363636,1.3780102875847556e-05
